mesto_id,bliznje_mesto_id,razdalja_km
1,952,517.3
1,399,604.9
1,612,815.0
1,583,928.2
399,612,227.0
399,583,323.3
399,952,404.0
399,1,604.9
583,612,158.9
583,399,323.3
583,952,635.1
583,1,928.2
612,583,158.9
612,399,227.0
612,952,608.9
612,1,815.0
665,612,227.0
665,583,323.3
665,952,404.0
665,1,604.9
952,399,404.0
952,1,517.3
952,612,608.9
952,583,635.1
2,879,192.6
879,2,192.6
3,673,120.4
3,552,148.6
3,239,182.2
3,724,205.6
3,382,207.7
14,467,76.4
14,525,98.5
14,125,105.1
14,247,105.1
14,426,106.8
20,713,86.1
20,968,134.5
20,148,143.6
20,383,146.8
20,105,218.5
25,411,59.6
25,303,99.4
25,416,102.0
25,576,121.6
25,505,128.3
29,487,245.0
29,149,246.3
29,574,274.5
29,326,279.5
29,735,299.2
31,213,255.2
31,631,345.1
31,65,366.7
31,70,376.0
31,171,412.8
32,927,8.2
32,129,22.0
32,103,46.6
32,597,59.2
32,131,85.8
37,797,253.7
37,242,313.6
37,549,328.5
37,319,338.3
37,987,432.0
38,305,2.1
38,601,82.6
38,983,196.3
38,794,212.0
38,611,218.7
49,937,92.6
49,681,209.4
49,477,303.0
49,140,316.6
49,955,344.4
50,459,27.0
50,373,77.3
50,882,88.2
50,779,110.8
50,356,118.1
54,125,48.6
54,247,48.6
54,467,84.4
54,917,103.9
54,525,106.8
61,79,33.5
61,576,41.2
61,920,42.8
61,233,50.0
61,307,55.3
65,70,120.9
65,631,179.5
65,188,241.4
65,351,297.6
65,31,366.7
70,65,120.9
70,631,293.0
70,351,343.5
70,188,354.0
70,31,376.0
71,426,107.3
71,525,130.3
71,103,133.8
71,129,143.0
71,917,149.4
79,576,11.1
79,61,33.5
79,416,61.9
79,496,64.2
79,920,73.6
94,650,4.4
94,719,58.8
94,575,158.2
94,523,193.7
94,557,245.6
101,481,10.6
101,680,66.3
101,131,126.3
101,198,127.0
101,779,133.4
103,129,31.9
103,597,40.4
103,32,46.6
103,927,52.8
103,917,69.9
105,968,118.3
105,418,130.0
105,713,204.5
105,20,218.5
105,148,298.3
109,502,49.0
109,966,84.2
109,687,90.1
109,297,106.4
109,140,124.9
113,448,71.2
113,895,74.9
113,639,131.5
113,563,178.1
113,422,187.2
125,467,37.0
125,54,48.6
125,525,83.0
125,917,100.3
125,14,105.1
126,622,205.8
126,473,243.9
126,697,379.6
126,652,452.9
126,674,493.1
129,32,22.0
129,927,24.7
129,103,31.9
129,597,59.4
129,131,90.2
131,198,7.0
131,597,32.0
131,917,67.4
131,103,72.2
131,680,77.1
140,477,13.7
140,955,87.5
140,928,94.3
140,297,123.7
140,109,124.9
148,383,51.2
148,20,143.6
148,713,229.7
148,418,249.0
148,968,259.1
149,326,111.5
149,29,246.3
149,748,246.4
149,319,279.4
149,763,280.7
159,191,192.2
159,572,349.4
159,901,378.5
159,570,460.1
159,322,502.5
166,951,79.8
166,569,160.7
166,518,184.8
166,547,191.0
166,691,225.3
167,608,216.8
167,901,230.1
167,491,255.8
167,570,272.5
167,592,280.6
170,448,71.2
170,895,74.9
170,639,131.5
170,563,178.1
170,422,187.2
171,558,378.8
171,505,405.9
171,31,412.8
171,955,413.5
171,928,417.7
188,631,193.7
188,351,241.4
188,65,241.4
188,70,354.0
188,213,428.8
191,901,190.9
191,159,192.2
191,572,268.7
191,570,305.8
191,167,398.2
197,841,121.8
197,361,128.4
197,237,175.8
197,14,254.9
197,847,258.1
198,131,7.0
198,597,37.2
198,917,65.0
198,103,76.6
198,680,80.8
209,637,185.7
209,779,229.2
209,882,242.9
209,496,257.6
209,79,272.8
211,823,992.4
211,328,1398.9
211,31,1417.5
211,70,1433.2
211,171,1438.4
213,631,250.3
213,31,255.2
213,25,309.2
213,411,317.4
213,505,333.7
222,630,80.2
222,297,103.1
222,687,126.0
222,847,141.6
222,928,166.4
233,920,7.8
233,307,16.9
233,271,21.2
233,830,21.8
233,699,29.1
237,847,82.4
237,841,90.7
237,687,127.1
237,197,175.8
237,109,188.9
239,552,37.7
239,673,94.0
239,382,146.4
239,810,146.6
239,486,147.0
242,319,34.9
242,797,71.9
242,748,173.5
242,326,217.0
242,549,221.0
247,467,37.0
247,54,48.6
247,525,83.0
247,917,100.3
247,14,105.1
251,599,273.2
251,815,368.8
251,572,393.2
251,452,396.8
251,592,419.4
265,724,55.7
265,382,78.9
265,486,80.4
265,810,80.6
265,673,145.4
271,699,8.9
271,830,18.3
271,233,21.2
271,920,21.3
271,307,37.4
297,630,25.7
297,928,86.6
297,222,103.1
297,109,106.4
297,687,108.1
303,416,26.5
303,976,36.3
303,307,47.2
303,233,63.7
303,920,66.8
305,38,2.1
305,601,83.3
305,983,196.7
305,794,210.1
305,611,216.8
307,233,16.9
307,920,21.9
307,976,22.1
307,830,31.5
307,271,37.4
319,242,34.9
319,797,105.7
319,748,140.9
319,326,200.5
319,549,252.7
322,981,430.6
322,622,482.9
322,159,502.5
322,652,503.1
322,455,631.1
326,149,111.5
326,748,136.0
326,319,200.5
326,242,217.0
326,797,275.9
328,380,446.1
328,823,452.6
328,795,500.7
328,377,539.7
328,890,542.3
339,666,52.6
339,518,172.2
339,239,194.0
339,552,231.2
339,673,283.1
344,404,273.8
344,650,314.8
344,94,318.9
344,719,335.6
344,523,395.8
351,188,241.4
351,65,297.6
351,70,343.5
351,631,383.5
351,213,633.7
356,459,91.7
356,574,99.9
356,487,108.0
356,50,118.1
356,373,160.3
361,197,128.4
361,239,230.7
361,552,237.2
361,841,243.6
361,3,244.0
373,882,31.2
373,50,77.3
373,459,85.2
373,763,91.2
373,574,132.5
377,890,2.7
377,439,184.3
377,795,434.7
377,380,443.1
377,328,539.7
380,795,60.5
380,439,332.5
380,377,443.1
380,890,445.4
380,328,446.1
382,810,3.5
382,486,3.7
382,265,78.9
382,673,97.5
382,724,123.8
383,148,51.2
383,20,146.8
383,404,221.8
383,713,230.1
383,968,276.0
404,383,221.8
404,20,250.8
404,148,270.3
404,344,273.8
404,713,278.9
411,25,59.6
411,576,85.1
411,79,95.9
411,416,97.1
411,303,109.7
416,303,26.5
416,307,43.7
416,976,45.9
416,920,56.4
416,233,56.4
418,105,130.0
418,968,209.5
418,20,239.4
418,148,249.0
418,713,270.6
422,639,59.1
422,563,81.9
422,863,110.2
422,448,119.3
422,895,132.9
426,525,25.1
426,917,48.7
426,103,84.2
426,597,97.4
426,14,106.8
439,377,184.3
439,890,185.1
439,795,302.8
439,380,332.5
439,328,587.6
448,895,27.0
448,639,61.3
448,170,71.2
448,563,109.4
448,422,119.3
452,815,76.4
452,674,144.0
452,599,222.6
452,969,239.9
452,697,342.3
455,622,205.8
455,473,243.9
455,697,379.6
455,652,452.9
455,674,493.1
459,50,27.0
459,373,85.2
459,356,91.7
459,882,103.6
459,574,122.8
462,976,108.4
462,830,118.8
462,307,125.8
462,303,128.7
462,995,129.0
467,125,37.0
467,247,37.0
467,14,76.4
467,54,84.4
467,525,93.3
473,455,243.9
473,697,309.4
473,622,441.3
473,969,518.8
473,674,521.9
475,681,312.1
475,937,374.5
475,966,406.3
475,502,442.3
475,49,455.2
477,140,13.7
477,955,92.6
477,928,102.3
477,109,135.9
477,297,137.1
481,101,10.6
481,680,66.8
481,779,123.5
481,131,131.7
481,198,132.9
486,810,0.4
486,382,3.7
486,265,80.4
486,673,100.3
486,724,126.3
487,356,108.0
487,574,110.4
487,735,118.7
487,459,189.9
487,50,216.7
491,592,24.8
491,608,47.4
491,611,82.4
491,794,90.3
491,167,255.8
496,61,57.2
496,79,64.2
496,576,75.2
496,699,88.5
496,920,88.9
502,966,36.4
502,109,49.0
502,687,130.5
502,140,135.7
502,477,143.2
505,558,72.4
505,25,128.3
505,995,153.0
505,303,168.8
505,411,187.8
518,666,166.9
518,339,172.2
518,166,184.8
518,951,198.7
518,569,277.3
523,575,51.4
523,714,87.6
523,632,101.0
523,719,135.0
523,557,159.5
525,426,25.1
525,917,43.2
525,125,83.0
525,247,83.0
525,467,93.3
537,563,251.8
537,305,305.9
537,38,306.3
537,895,308.5
537,639,315.6
547,691,108.8
547,863,127.6
547,632,130.1
547,714,159.0
547,166,191.0
549,987,150.6
549,797,176.3
549,242,221.0
549,319,252.7
549,149,313.2
552,239,37.7
552,673,57.8
552,382,127.7
552,810,128.7
552,486,129.1
557,575,130.1
557,714,135.2
557,523,159.5
557,719,201.8
557,863,213.8
558,505,72.4
558,995,92.6
558,462,179.4
558,25,190.9
558,303,201.8
563,639,67.9
563,422,81.9
563,895,104.9
563,448,109.4
563,170,178.1
569,951,88.8
569,166,160.7
569,735,250.5
569,518,277.3
569,691,337.3
570,167,272.5
570,901,280.4
570,191,305.8
570,159,460.1
570,608,462.5
572,901,255.7
572,191,268.7
572,159,349.4
572,599,354.4
572,592,355.7
574,356,99.9
574,487,110.4
574,459,122.8
574,373,132.5
574,50,144.7
575,523,51.4
575,719,100.4
575,714,112.4
575,557,130.1
575,632,150.3
576,79,11.1
576,61,41.2
576,416,57.6
576,496,75.2
576,920,78.1
592,491,24.8
592,608,69.4
592,611,79.8
592,794,85.8
592,167,280.6
597,131,32.0
597,198,37.2
597,103,40.4
597,32,59.2
597,129,59.4
599,815,154.3
599,452,222.6
599,251,273.2
599,674,286.6
599,652,316.2
601,38,82.6
601,305,83.3
601,983,115.3
601,724,177.2
601,265,210.5
608,491,47.4
608,592,69.4
608,611,80.6
608,794,90.1
608,167,216.8
611,794,9.5
611,592,79.8
611,608,80.6
611,491,82.4
611,305,216.8
622,455,205.8
622,473,441.3
622,322,482.9
622,652,495.1
622,981,514.5
630,297,25.7
630,222,80.2
630,928,94.1
630,687,114.0
630,955,118.7
631,65,179.5
631,188,193.7
631,213,250.3
631,70,293.0
631,31,345.1
632,691,77.3
632,714,88.1
632,523,101.0
632,547,130.1
632,575,150.3
637,576,90.9
637,79,90.9
637,496,104.9
637,411,115.4
637,61,120.1
639,422,59.1
639,448,61.3
639,563,67.9
639,895,73.9
639,170,131.5
650,94,4.4
650,719,61.4
650,575,161.2
650,523,195.9
650,557,249.8
652,674,249.8
652,815,294.5
652,599,316.2
652,452,347.6
652,697,412.6
666,339,52.6
666,518,166.9
666,239,244.2
666,552,281.7
666,467,310.5
673,552,57.8
673,239,94.0
673,382,97.5
673,810,99.9
673,486,100.3
674,452,144.0
674,815,149.5
674,697,240.6
674,969,249.5
674,652,249.8
680,101,66.3
680,481,66.8
680,131,77.1
680,198,80.8
680,597,91.8
681,937,119.2
681,49,209.4
681,475,312.1
681,477,428.4
681,140,441.2
687,847,67.5
687,109,90.1
687,297,108.1
687,630,114.0
687,222,126.0
691,632,77.3
691,547,108.8
691,714,159.1
691,523,174.8
691,863,215.8
697,969,224.6
697,674,240.6
697,473,309.4
697,452,342.3
697,455,379.6
699,271,8.9
699,830,26.0
699,920,27.6
699,233,29.1
699,307,45.7
701,983,161.5
701,3,209.2
701,724,230.5
701,601,270.4
701,265,283.1
705,637,185.7
705,779,229.2
705,882,242.9
705,496,257.6
705,79,272.8
713,20,86.1
713,968,89.8
713,105,204.5
713,148,229.7
713,383,230.1
714,523,87.6
714,632,88.1
714,575,112.4
714,557,135.2
714,863,149.1
719,94,58.8
719,650,61.4
719,575,100.4
719,523,135.0
719,557,201.8
724,265,55.7
724,382,123.8
724,486,126.3
724,810,126.4
724,673,159.3
735,487,118.7
735,356,182.2
735,574,226.1
735,569,250.5
735,459,273.9
748,326,136.0
748,319,140.9
748,242,173.5
748,797,245.3
748,149,246.4
763,373,91.2
763,882,100.8
763,574,145.1
763,50,166.3
763,459,167.2
779,50,110.8
779,481,123.5
779,101,133.4
779,459,135.6
779,882,138.9
794,611,9.5
794,592,85.8
794,608,90.1
794,491,90.3
794,305,210.1
795,380,60.5
795,439,302.8
795,377,434.7
795,890,436.8
795,328,500.7
797,242,71.9
797,319,105.7
797,549,176.3
797,748,245.3
797,37,253.7
810,486,0.4
810,382,3.5
810,265,80.6
810,673,99.9
810,724,126.4
815,452,76.4
815,674,149.5
815,599,154.3
815,652,294.5
815,969,311.1
823,328,452.6
823,380,642.4
823,795,700.2
823,439,926.6
823,377,943.4
830,271,18.3
830,233,21.8
830,699,26.0
830,920,27.5
830,307,31.5
841,237,90.7
841,197,121.8
841,847,161.2
841,687,178.2
841,502,194.5
847,687,67.5
847,237,82.4
847,222,141.6
847,109,154.0
847,841,161.2
863,422,110.2
863,547,127.6
863,714,149.1
863,639,154.8
863,632,190.3
882,373,31.2
882,50,88.2
882,763,100.8
882,459,103.6
882,779,138.9
890,377,2.7
890,439,185.1
890,795,436.8
890,380,445.4
890,328,542.3
895,448,27.0
895,639,73.9
895,170,74.9
895,563,104.9
895,422,132.9
901,191,190.9
901,167,230.1
901,572,255.7
901,608,270.5
901,491,272.1
917,525,43.2
917,426,48.7
917,597,61.5
917,198,65.0
917,131,67.4
920,233,7.8
920,271,21.3
920,307,21.9
920,830,27.5
920,699,27.6
927,32,8.2
927,129,24.7
927,103,52.8
927,597,67.4
927,131,93.8
928,955,25.0
928,297,86.6
928,630,94.1
928,140,94.3
928,477,102.3
937,49,92.6
937,681,119.2
937,477,335.2
937,140,348.7
937,475,374.5
951,166,79.8
951,569,88.8
951,518,198.7
951,547,269.6
951,691,290.6
955,928,25.0
955,140,87.5
955,477,92.6
955,297,109.5
955,630,118.7
966,502,36.4
966,109,84.2
966,140,142.7
966,477,147.1
966,687,166.7
968,713,89.8
968,105,118.3
968,20,134.5
968,418,209.5
968,148,259.1
969,697,224.6
969,452,239.9
969,674,249.5
969,815,311.1
969,599,462.4
976,307,22.1
976,303,36.3
976,233,37.3
976,830,42.9
976,920,43.6
981,322,430.6
981,622,514.5
981,455,720.3
981,652,841.8
981,159,919.6
983,601,115.3
983,701,161.5
983,724,179.4
983,38,196.3
983,305,196.7
987,549,150.6
987,797,326.5
987,242,369.9
987,149,386.3
987,319,400.3
995,558,92.6
995,462,129.0
995,505,153.0
995,222,171.6
995,976,210.1
4,240,24.8
4,445,65.4
4,332,86.2
4,371,86.6
4,295,94.8
19,727,73.3
19,777,83.9
19,662,87.1
19,393,97.9
19,75,108.2
36,788,43.5
36,368,194.8
36,298,233.8
36,993,254.4
36,645,279.4
52,88,33.5
52,430,110.2
52,358,135.6
52,993,140.7
52,645,170.2
75,777,40.2
75,461,43.4
75,661,49.6
75,727,53.8
75,844,62.2
88,52,33.5
88,358,141.5
88,430,143.6
88,993,158.0
88,298,188.7
95,591,68.2
95,883,81.9
95,295,105.2
95,451,105.4
95,696,107.8
96,512,32.4
96,229,73.2
96,393,119.4
96,712,128.8
96,839,189.3
123,970,446.0
123,36,450.1
123,773,463.0
123,788,478.2
123,302,482.5
141,302,31.9
141,772,57.7
141,163,132.3
141,777,149.2
141,727,151.7
142,629,38.2
142,330,61.9
142,646,71.7
142,919,84.5
142,922,97.0
158,19,129.4
158,393,168.2
158,662,178.5
158,727,200.2
158,777,212.3
163,773,72.3
163,772,81.4
163,970,90.5
163,141,132.3
163,839,135.8
229,512,46.5
229,96,73.2
229,712,83.2
229,839,149.6
229,393,191.1
240,4,24.8
240,445,64.0
240,371,65.0
240,295,71.0
240,332,80.8
243,788,372.7
243,36,396.2
243,123,507.8
243,298,539.7
243,368,573.0
244,860,41.0
244,348,47.7
244,919,54.8
244,396,66.0
244,839,117.4
256,836,7.8
256,922,24.9
256,445,45.4
256,646,49.3
256,4,97.6
295,591,48.4
295,371,61.5
295,240,71.0
295,445,85.8
295,4,94.8
298,993,39.5
298,358,56.8
298,368,131.6
298,430,164.4
298,52,175.4
302,141,31.9
302,772,85.5
302,461,149.1
302,163,151.8
302,777,159.6
330,629,31.5
330,142,61.9
330,646,72.1
330,922,73.0
330,836,95.1
332,822,33.4
332,371,65.2
332,451,75.1
332,240,80.8
332,956,85.0
348,396,44.3
348,244,47.7
348,839,81.3
348,919,83.4
348,860,86.6
358,993,52.9
358,298,56.8
358,52,135.6
358,88,141.5
358,430,160.5
368,645,86.6
368,993,117.6
368,430,125.3
368,298,131.6
368,678,164.1
371,451,57.5
371,295,61.5
371,240,65.0
371,332,65.2
371,696,72.4
393,727,96.7
393,19,97.9
393,777,110.3
393,96,119.4
393,75,150.3
396,348,44.3
396,244,66.0
396,919,67.0
396,860,90.3
396,629,114.0
430,645,60.9
430,52,110.2
430,368,125.3
430,993,126.1
430,617,132.3
445,256,45.4
445,836,53.1
445,922,61.5
445,240,64.0
445,4,65.4
451,696,15.0
451,956,41.8
451,371,57.5
451,883,63.7
451,332,75.1
461,75,43.4
461,844,43.4
461,661,43.8
461,678,69.4
461,777,75.0
512,96,32.4
512,229,46.5
512,712,118.1
512,393,151.1
512,839,182.9
591,295,48.4
591,95,68.2
591,371,89.1
591,240,118.6
591,451,120.6
617,430,132.3
617,645,144.5
617,662,157.3
617,661,179.3
617,844,182.4
629,330,31.5
629,142,38.2
629,646,80.9
629,922,93.5
629,919,101.6
645,430,60.9
645,368,86.6
645,678,137.3
645,993,144.2
645,617,144.5
646,922,34.4
646,836,42.3
646,256,49.3
646,142,71.7
646,330,72.1
661,844,16.8
661,461,43.8
661,75,49.6
661,678,61.2
661,777,89.7
662,19,87.1
662,75,102.9
662,661,109.4
662,777,112.1
662,727,113.0
678,844,44.4
678,661,61.2
678,461,69.4
678,75,102.7
678,645,137.3
696,451,15.0
696,956,32.0
696,883,53.9
696,371,72.4
696,332,85.3
712,839,66.4
712,229,83.2
712,512,118.1
712,96,128.8
712,348,129.8
727,777,14.5
727,75,53.8
727,19,73.3
727,461,89.5
727,393,96.7
772,141,57.7
772,163,81.4
772,302,85.5
772,773,151.9
772,393,157.9
773,970,20.9
773,163,72.3
773,839,127.5
773,772,151.9
773,348,171.6
777,727,14.5
777,75,40.2
777,461,75.0
777,19,83.9
777,661,89.7
788,36,43.5
788,368,203.3
788,298,215.9
788,993,242.0
788,358,271.8
822,332,33.4
822,371,98.3
822,4,98.9
822,240,101.4
822,956,102.3
836,256,7.8
836,922,22.5
836,646,42.3
836,445,53.1
836,330,95.1
839,712,66.4
839,348,81.3
839,244,117.4
839,396,118.3
839,773,127.5
844,661,16.8
844,461,43.4
844,678,44.4
844,75,62.2
844,777,102.1
860,919,39.8
860,244,41.0
860,348,86.6
860,396,90.3
860,142,118.8
883,696,53.9
883,451,63.7
883,956,72.9
883,95,81.9
883,371,109.6
919,860,39.8
919,244,54.8
919,396,67.0
919,348,83.4
919,142,84.5
922,836,22.5
922,256,24.9
922,646,34.4
922,445,61.5
922,330,73.0
956,696,32.0
956,451,41.8
956,883,72.9
956,332,85.0
956,371,95.0
970,773,20.9
970,163,90.5
970,839,142.6
970,772,167.9
970,244,175.0
993,298,39.5
993,358,52.9
993,368,117.6
993,430,126.1
993,52,140.7
5,432,47.2
5,556,62.0
5,378,104.7
5,450,365.8
5,889,373.8
6,693,178.4
6,722,188.7
6,814,221.6
6,878,269.2
6,762,304.2
7,387,63.9
7,124,216.8
7,808,370.4
7,695,490.0
7,311,639.9
55,285,147.4
55,135,234.4
55,607,308.9
55,889,361.2
55,156,380.3
64,750,274.7
64,866,329.1
64,311,359.9
64,168,436.9
64,720,456.4
124,387,161.7
124,7,216.8
124,720,453.1
124,168,468.1
124,695,469.4
135,889,227.6
135,55,234.4
135,156,343.5
135,285,378.3
135,378,463.1
151,762,109.0
151,522,174.3
151,693,260.5
151,814,265.2
151,219,265.9
156,135,343.5
156,55,380.3
156,285,493.3
156,607,541.1
156,889,571.0
168,720,19.5
168,866,108.6
168,311,185.5
168,64,436.9
168,124,468.1
219,450,81.5
219,522,127.2
219,762,231.8
219,151,265.9
219,693,361.5
230,548,523.0
230,607,583.0
230,716,751.8
230,285,778.0
230,669,823.7
285,55,147.4
285,607,196.3
285,548,273.9
285,135,378.3
285,669,434.4
311,866,161.0
311,168,185.5
311,720,197.8
311,695,329.9
311,64,359.9
337,984,284.9
337,156,1119.2
337,545,1132.3
337,135,1300.7
337,889,1445.4
369,669,31.9
369,716,93.6
369,548,412.2
369,285,464.7
369,607,487.5
378,556,43.0
378,5,104.7
378,432,151.4
378,889,272.1
378,450,316.5
387,7,63.9
387,124,161.7
387,808,423.4
387,695,502.4
387,720,604.0
427,151,526.0
427,808,568.8
427,762,633.7
427,522,685.6
427,695,716.8
432,5,47.2
432,556,109.0
432,378,151.4
432,450,388.6
432,6,412.5
450,219,81.5
450,522,201.2
450,762,308.7
450,378,316.5
450,556,337.0
476,522,108.2
476,151,109.0
476,693,170.2
476,814,193.2
476,219,231.8
522,762,108.2
522,219,127.2
522,151,174.3
522,450,201.2
522,693,239.0
545,889,508.6
545,135,559.5
545,450,604.3
545,219,648.2
545,378,723.7
548,607,121.0
548,285,273.9
548,716,386.5
548,669,394.0
548,55,408.7
556,378,43.0
556,5,62.0
556,432,109.0
556,889,312.5
556,450,337.0
607,548,121.0
607,285,196.3
607,55,308.9
607,669,464.1
607,716,480.0
669,369,31.9
669,716,113.5
669,548,394.0
669,285,434.4
669,607,464.1
693,814,57.2
693,722,127.2
693,878,137.7
693,762,170.2
693,6,178.4
695,311,329.9
695,808,352.5
695,124,469.4
695,168,480.3
695,720,483.4
716,369,93.6
716,669,113.5
716,548,386.5
716,607,480.0
716,285,495.0
720,168,19.5
720,866,128.0
720,311,197.8
720,124,453.1
720,64,456.4
722,878,95.5
722,814,109.5
722,693,127.2
722,6,188.7
722,762,294.7
750,64,274.7
750,899,372.3
750,866,603.5
750,311,621.8
750,168,711.6
762,522,108.2
762,151,109.0
762,693,170.2
762,814,193.2
762,219,231.8
808,695,352.5
808,7,370.4
808,387,423.4
808,124,508.4
808,427,568.8
814,693,57.2
814,878,84.7
814,722,109.5
814,762,193.2
814,6,221.6
866,168,108.6
866,720,128.0
866,311,161.0
866,64,329.1
866,695,489.7
878,814,84.7
878,722,95.5
878,693,137.7
878,6,269.2
878,762,270.1
889,135,227.6
889,378,272.1
889,556,312.5
889,55,361.2
889,5,373.8
899,750,372.3
899,64,623.0
899,866,936.7
899,311,982.0
899,168,1044.8
984,337,284.9
984,156,1394.9
984,545,1398.7
984,135,1585.4
984,889,1729.4
8,642,221.8
8,164,222.1
8,785,262.0
8,906,285.7
8,648,287.7
13,897,46.0
13,82,49.4
13,470,65.5
13,342,87.6
13,374,97.6
74,82,59.1
74,918,85.8
74,374,88.7
74,667,102.7
74,342,102.9
82,13,49.4
82,74,59.1
82,374,69.1
82,897,69.7
82,342,70.4
133,718,40.4
133,578,41.8
133,391,68.5
133,706,77.4
133,897,100.5
144,372,47.7
144,573,134.4
144,758,158.0
144,785,164.8
144,967,166.7
164,785,52.7
164,906,94.2
164,372,169.3
164,144,194.5
164,918,201.5
325,755,31.4
325,706,44.8
325,391,45.1
325,718,70.8
325,551,102.7
342,374,21.4
342,82,70.4
342,967,77.5
342,13,87.6
342,74,102.9
355,667,55.0
355,918,107.0
355,74,127.0
355,648,131.6
355,398,150.6
372,144,47.7
372,967,122.6
372,906,125.7
372,785,130.5
372,758,163.7
374,342,21.4
374,967,61.0
374,82,69.1
374,74,88.7
374,13,97.6
391,718,28.4
391,706,36.8
391,325,45.1
391,578,67.5
391,133,68.5
398,648,83.8
398,642,150.0
398,355,150.6
398,551,198.1
398,667,202.0
470,13,65.5
470,897,99.1
470,342,107.5
470,82,108.6
470,374,126.4
551,755,95.3
551,325,102.7
551,391,128.5
551,706,146.2
551,718,156.1
573,758,123.8
573,144,134.4
573,372,172.7
573,967,259.4
573,342,276.5
578,133,41.8
578,718,50.1
578,897,60.4
578,391,67.5
578,706,93.6
642,648,72.1
642,398,150.0
642,355,183.4
642,667,203.4
642,8,221.8
648,642,72.1
648,398,83.8
648,355,131.6
648,667,167.3
648,918,218.1
667,918,53.7
667,355,55.0
667,74,102.7
667,906,152.2
667,967,154.1
706,391,36.8
706,718,43.7
706,325,44.8
706,755,68.9
706,133,77.4
718,391,28.4
718,133,40.4
718,706,43.7
718,578,50.1
718,325,70.8
755,325,31.4
755,706,68.9
755,391,76.5
755,551,95.3
755,718,101.5
758,573,123.8
758,144,158.0
758,372,163.7
758,342,172.0
758,374,183.9
785,906,43.6
785,164,52.7
785,372,130.5
785,918,156.8
785,967,158.4
897,13,46.0
897,578,60.4
897,82,69.7
897,470,99.1
897,133,100.5
906,785,43.6
906,164,94.2
906,918,114.6
906,967,120.3
906,372,125.7
918,667,53.7
918,74,85.8
918,967,101.3
918,355,107.0
918,906,114.6
967,374,61.0
967,342,77.5
967,918,101.3
967,74,115.0
967,906,120.3
9,147,127.2
9,843,215.7
9,407,279.1
9,76,285.8
9,436,335.0
30,542,196.6
30,215,203.8
30,161,297.0
30,93,324.2
30,436,360.2
40,991,155.8
40,843,366.5
40,30,367.9
40,147,398.4
40,407,461.6
76,436,74.0
76,843,174.0
76,147,232.9
76,9,285.8
76,30,433.2
93,161,60.6
93,542,166.8
93,215,295.8
93,30,324.2
93,40,639.7
147,843,99.5
147,9,127.2
147,76,232.9
147,436,256.9
147,407,296.3
161,93,60.6
161,542,117.6
161,30,297.0
161,215,308.6
161,40,590.7
215,30,203.8
215,542,278.2
215,93,295.8
215,161,308.6
215,436,380.2
407,9,279.1
407,147,296.3
407,991,382.7
407,843,383.1
407,40,461.6
436,76,74.0
436,843,173.7
436,147,256.9
436,9,335.0
436,30,360.2
542,161,117.6
542,93,166.8
542,30,196.6
542,215,278.2
542,40,473.9
843,147,99.5
843,436,173.7
843,76,174.0
843,9,215.7
843,40,366.5
991,40,155.8
991,407,382.7
991,147,428.5
991,843,432.7
991,9,520.0
10,913,72.9
10,704,223.0
10,179,403.2
179,10,403.2
179,913,473.4
179,704,497.2
704,913,199.2
704,10,223.0
704,179,497.2
913,10,72.9
913,704,199.2
913,179,473.4
11,284,49.0
11,845,58.6
11,301,64.1
11,308,109.0
11,507,123.7
23,136,18.8
23,385,109.8
23,35,349.4
23,423,385.5
23,640,394.6
34,449,6.2
34,973,36.2
34,155,41.4
34,458,42.2
34,92,44.6
35,640,45.6
35,423,182.4
35,269,287.6
35,264,302.3
35,726,319.8
73,519,38.5
73,826,116.6
73,431,122.0
73,155,129.9
73,975,133.0
78,973,29.2
78,458,38.1
78,449,46.2
78,34,52.3
78,155,59.2
83,401,11.2
83,460,21.9
83,524,68.2
83,904,91.8
83,301,98.1
90,308,60.0
90,143,90.9
90,310,110.8
90,301,144.3
90,11,145.4
92,34,44.6
92,449,50.2
92,155,59.2
92,431,59.4
92,972,70.0
100,562,13.4
100,248,21.7
100,466,27.4
100,885,110.7
100,628,248.6
114,948,116.7
114,441,140.8
114,231,216.1
114,494,236.1
114,553,303.6
116,827,34.3
116,663,99.8
116,338,103.7
116,165,119.4
116,300,132.4
118,774,39.6
118,623,53.8
118,210,415.7
118,306,442.3
118,885,683.3
136,23,18.8
136,385,128.5
136,35,354.3
136,423,398.4
136,640,399.2
143,310,20.8
143,850,73.1
143,90,90.9
143,829,96.0
143,83,133.3
155,431,7.9
155,826,22.7
155,973,30.0
155,449,39.4
155,34,41.4
165,338,15.8
165,300,31.3
165,177,48.0
165,663,66.0
165,216,91.5
173,507,41.3
173,176,42.5
173,876,107.0
173,595,108.9
173,11,156.5
176,507,18.7
176,173,42.5
176,876,117.9
176,595,129.8
176,11,139.0
177,165,48.0
177,338,59.6
177,300,67.7
177,216,87.8
177,663,113.3
210,306,179.3
210,538,311.2
210,752,349.0
210,118,415.7
210,774,455.0
216,300,72.9
216,177,87.8
216,165,91.5
216,338,106.3
216,663,118.7
225,406,49.3
225,317,68.2
225,299,122.2
225,484,131.4
225,818,169.5
227,787,52.8
227,802,186.6
227,671,187.3
227,308,455.8
227,90,456.4
228,872,3.1
228,327,174.4
228,620,208.4
228,272,212.1
228,423,266.0
231,595,128.6
231,876,132.9
231,441,135.5
231,114,216.1
231,173,236.7
234,553,25.4
234,410,37.6
234,781,83.1
234,596,89.3
234,494,110.8
241,628,34.9
241,885,188.7
241,550,202.3
241,466,257.8
241,562,263.2
248,466,9.7
248,562,15.6
248,100,21.7
248,885,93.7
248,628,238.7
264,269,32.2
264,726,42.2
264,818,63.0
264,317,142.4
264,324,147.7
269,264,32.2
269,726,33.2
269,818,84.2
269,317,137.5
269,324,172.3
272,327,92.7
272,620,105.7
272,340,123.3
272,872,209.0
272,228,212.1
282,912,120.6
282,352,482.9
282,227,583.8
282,787,601.9
282,671,683.8
284,845,12.6
284,301,19.1
284,11,49.0
284,401,112.0
284,83,117.1
299,406,81.2
299,510,112.2
299,484,117.8
299,225,122.2
299,602,150.6
300,165,31.3
300,338,40.2
300,663,52.4
300,177,67.7
300,216,72.9
301,845,6.5
301,284,19.1
301,11,64.1
301,401,93.3
301,83,98.1
306,210,179.3
306,538,437.3
306,118,442.3
306,752,446.1
306,774,476.6
308,90,60.0
308,11,109.0
308,845,133.5
308,284,134.0
308,301,134.1
310,143,20.8
310,850,53.1
310,829,75.3
310,90,110.8
310,83,129.8
317,225,68.2
317,406,100.5
317,726,105.2
317,818,108.7
317,269,137.5
324,818,88.3
324,484,112.4
324,317,147.3
324,264,147.7
324,726,150.1
327,272,92.7
327,872,171.5
327,228,174.4
327,620,177.9
327,340,181.7
338,165,15.8
338,300,40.2
338,177,59.6
338,663,60.3
338,827,94.8
340,272,123.3
340,791,129.5
340,975,162.0
340,327,181.7
340,620,197.2
352,912,381.2
352,282,482.9
352,136,596.1
352,23,601.5
352,385,655.2
385,23,109.8
385,136,128.5
385,423,310.7
385,35,326.4
385,640,371.1
401,83,11.2
401,460,14.5
401,524,70.7
401,301,93.3
401,904,95.2
406,225,49.3
406,299,81.2
406,484,91.2
406,317,100.5
406,510,142.9
410,234,37.6
410,781,50.7
410,553,54.1
410,596,57.1
410,494,139.3
423,35,182.4
423,640,195.4
423,228,266.0
423,872,268.9
423,385,310.7
431,155,7.9
431,826,19.0
431,973,37.7
431,449,46.0
431,34,47.4
441,231,135.5
441,114,140.8
441,948,200.2
441,494,239.7
441,595,263.9
449,34,6.2
449,973,30.6
449,458,39.1
449,155,39.4
449,431,46.0
454,904,24.2
454,524,45.3
454,603,70.1
454,460,105.2
454,83,113.5
458,566,33.1
458,520,33.7
458,78,38.1
458,449,39.1
458,34,42.2
460,401,14.5
460,83,21.9
460,524,61.2
460,904,86.1
460,301,103.2
466,248,9.7
466,562,16.6
466,100,27.4
466,885,84.8
466,628,228.9
484,510,85.1
484,406,91.2
484,324,112.4
484,299,117.8
484,225,131.4
494,234,110.8
494,553,121.8
494,410,139.3
494,948,143.0
494,781,189.9
507,176,18.7
507,173,41.3
507,11,123.7
507,876,132.4
507,595,141.5
510,484,85.1
510,299,112.2
510,602,131.1
510,406,142.9
510,324,186.3
519,73,38.5
519,826,95.9
519,975,104.3
519,431,106.7
519,155,114.1
520,566,7.3
520,972,22.9
520,458,33.7
520,1000,41.5
520,34,59.0
524,904,25.0
524,454,45.3
524,460,61.2
524,83,68.2
524,401,70.7
538,752,82.7
538,609,244.0
538,210,311.2
538,306,437.3
538,796,619.2
539,596,234.2
539,781,237.7
539,553,257.6
539,410,270.9
539,234,276.7
550,241,202.3
550,628,237.0
550,885,388.5
550,466,448.6
550,177,450.3
553,234,25.4
553,410,54.1
553,781,88.4
553,596,94.0
553,494,121.8
562,100,13.4
562,248,15.6
562,466,16.6
562,885,97.5
562,628,235.7
566,520,7.3
566,972,30.2
566,458,33.1
566,1000,39.3
566,449,63.2
595,876,30.0
595,173,108.9
595,231,128.6
595,176,129.8
595,507,141.5
596,781,6.4
596,410,57.1
596,234,89.3
596,553,94.0
596,494,196.3
602,510,131.1
602,923,134.2
602,840,136.8
602,299,150.6
602,641,181.7
603,930,48.2
603,454,70.1
603,904,80.0
603,524,104.7
603,829,113.7
609,752,196.2
609,538,244.0
609,796,495.2
609,210,544.1
609,306,637.9
620,272,105.7
620,327,177.9
620,340,197.2
620,872,205.8
620,228,208.4
623,774,17.4
623,118,53.8
623,210,469.4
623,306,493.6
623,885,657.4
628,241,34.9
628,885,156.2
628,466,228.9
628,562,235.7
628,550,237.0
640,35,45.6
640,423,195.4
640,269,279.2
640,264,289.4
640,726,312.2
641,840,45.2
641,923,61.8
641,602,181.7
641,510,262.0
641,299,326.8
663,300,52.4
663,338,60.3
663,165,66.0
663,827,72.6
663,116,99.8
671,802,53.7
671,227,187.3
671,787,228.9
671,116,311.2
671,827,321.3
726,269,33.2
726,264,42.2
726,818,62.8
726,317,105.2
726,324,150.1
751,100,338.6
751,562,351.6
751,248,357.5
751,466,365.5
751,885,449.1
752,538,82.7
752,609,196.2
752,210,349.0
752,306,446.1
752,796,632.5
774,623,17.4
774,118,39.6
774,210,455.0
774,306,476.6
774,885,656.8
781,596,6.4
781,410,50.7
781,234,83.1
781,553,88.4
781,494,189.9
787,227,52.8
787,802,218.5
787,671,228.9
787,308,403.1
787,90,403.9
791,975,65.9
791,340,129.5
791,519,130.0
791,73,142.6
791,826,216.1
796,609,495.2
796,538,619.2
796,752,632.5
796,210,909.0
796,306,1055.0
802,671,53.7
802,227,186.6
802,787,218.5
802,116,285.4
802,827,290.3
818,726,62.8
818,264,63.0
818,269,84.2
818,324,88.3
818,317,108.7
826,431,19.0
826,155,22.7
826,973,44.0
826,449,61.4
826,34,63.9
827,116,34.3
827,663,72.6
827,338,94.8
827,165,109.3
827,300,114.4
829,850,25.2
829,310,75.3
829,143,96.0
829,603,113.7
829,930,116.9
840,923,29.9
840,641,45.2
840,602,136.8
840,510,220.6
840,299,281.8
845,301,6.5
845,284,12.6
845,11,58.6
845,401,99.7
845,83,104.6
850,829,25.2
850,310,53.1
850,143,73.1
850,603,137.1
850,904,138.5
872,228,3.1
872,327,171.5
872,620,205.8
872,272,209.0
872,423,268.9
876,595,30.0
876,173,107.0
876,176,117.9
876,507,132.4
876,231,132.9
885,466,84.8
885,248,93.7
885,562,97.5
885,100,110.7
885,628,156.2
903,550,458.2
903,671,563.5
903,802,609.0
903,116,642.3
903,241,656.8
904,454,24.2
904,524,25.0
904,603,80.0
904,460,86.1
904,83,91.8
912,282,120.6
912,352,381.2
912,385,657.4
912,23,667.0
912,136,672.8
923,840,29.9
923,641,61.8
923,602,134.2
923,510,200.5
923,299,271.3
930,603,48.2
930,829,116.9
930,454,118.2
930,904,126.4
930,850,142.1
948,114,116.7
948,494,143.0
948,553,187.8
948,234,197.3
948,441,200.2
972,520,22.9
972,566,30.2
972,458,45.3
972,34,51.7
972,1000,53.1
973,78,29.2
973,155,30.0
973,449,30.6
973,34,36.2
973,431,37.7
975,791,65.9
975,519,104.3
975,73,133.0
975,340,162.0
975,826,169.4
1000,566,39.3
1000,520,41.5
1000,972,53.1
1000,458,72.2
1000,34,100.0
12,675,2.4
12,190,25.4
12,521,34.3
12,593,41.9
190,593,18.2
190,12,25.4
190,675,26.1
190,521,28.1
521,593,27.2
521,190,28.1
521,12,34.3
521,675,36.5
593,190,18.2
593,521,27.2
593,12,41.9
593,675,43.1
675,12,2.4
675,190,26.1
675,521,36.5
675,593,43.1
15,329,115.4
15,957,227.9
15,115,278.0
15,268,286.5
15,586,335.4
28,586,111.3
28,115,164.8
28,169,170.7
28,957,182.1
28,329,324.1
72,384,904.5
72,273,915.2
72,874,938.7
72,456,946.6
72,128,1146.4
115,586,61.3
115,957,94.1
115,28,164.8
115,329,228.3
115,15,278.0
128,990,234.0
128,273,483.4
128,857,537.1
128,390,595.1
128,870,599.4
169,28,170.7
169,586,281.5
169,957,318.9
169,115,330.5
169,329,433.0
201,434,948.0
201,456,1035.2
201,874,1041.2
201,384,1189.2
201,914,1784.2
246,915,328.5
246,778,418.9
246,345,420.3
246,268,529.5
246,390,682.9
268,778,110.9
268,345,111.1
268,15,286.5
268,329,369.4
268,957,509.0
273,990,456.5
273,128,483.4
273,977,573.8
273,390,674.1
273,857,724.0
329,15,115.4
329,957,148.7
329,115,228.3
329,586,274.1
329,28,324.1
345,778,26.8
345,268,111.1
345,15,397.6
345,246,420.3
345,329,477.2
384,874,157.6
384,456,161.3
384,914,904.5
384,201,1189.2
384,273,1819.5
390,857,146.1
390,977,182.4
390,990,364.3
390,870,398.7
390,345,581.1
434,201,948.0
434,456,1775.9
434,874,1779.0
434,384,1936.2
434,914,2188.7
456,874,8.1
456,384,161.3
456,914,946.6
456,201,1035.2
456,434,1775.9
586,115,61.3
586,28,111.3
586,957,127.3
586,329,274.1
586,169,281.5
633,857,146.1
633,977,182.4
633,990,364.3
633,870,398.7
633,345,581.1
778,345,26.8
778,268,110.9
778,15,395.6
778,246,418.9
778,329,480.3
784,586,304.0
784,115,309.9
784,28,380.6
784,957,403.5
784,329,517.5
857,390,146.1
857,870,256.9
857,977,320.3
857,990,329.4
857,128,537.1
870,857,256.9
870,390,398.7
870,990,469.5
870,977,577.0
870,128,599.4
874,456,8.1
874,384,157.6
874,914,938.7
874,201,1041.2
874,434,1779.0
914,384,904.5
914,273,915.2
914,874,938.7
914,456,946.6
914,128,1146.4
915,246,328.5
915,778,743.8
915,345,747.1
915,268,854.7
915,870,924.2
957,115,94.1
957,586,127.3
957,329,148.7
957,28,182.1
957,15,227.9
977,390,182.4
977,857,320.3
977,990,406.0
977,345,526.7
977,268,537.3
990,128,234.0
990,857,329.4
990,390,364.3
990,977,406.0
990,273,456.5
17,579,18.2
17,907,31.6
17,296,48.7
17,559,84.9
17,733,130.2
43,938,82.4
43,886,94.0
43,535,123.1
43,733,147.2
43,304,187.9
259,408,48.8
259,535,200.4
259,559,212.9
259,296,217.6
259,907,224.4
296,559,39.6
296,907,40.8
296,457,48.7
296,579,58.6
296,733,92.2
304,886,98.9
304,938,109.1
304,739,162.6
304,733,176.8
304,43,187.9
408,259,48.8
408,296,179.0
408,907,180.6
408,559,181.0
408,457,211.2
457,579,18.2
457,907,31.6
457,296,48.7
457,559,84.9
457,733,130.2
480,938,41.5
480,43,94.0
480,304,98.9
480,733,111.0
480,559,165.3
500,739,343.0
500,304,364.8
500,938,438.2
500,886,452.1
500,43,516.5
535,43,123.1
535,733,182.0
535,886,199.5
535,259,200.4
535,938,202.3
559,296,39.6
559,733,54.9
559,907,80.2
559,457,84.9
559,579,89.8
579,457,18.2
579,907,49.6
579,296,58.6
579,559,89.8
579,733,129.2
703,43,123.1
703,733,182.0
703,886,199.5
703,259,200.4
703,938,202.3
733,559,54.9
733,296,92.2
733,886,111.0
733,579,129.2
733,457,130.2
739,938,137.7
739,304,162.6
739,886,173.8
739,43,193.4
739,733,284.8
886,938,41.5
886,43,94.0
886,304,98.9
886,733,111.0
886,559,165.3
907,457,31.6
907,296,40.8
907,579,49.6
907,559,80.2
907,733,132.8
938,886,41.5
938,43,82.4
938,304,109.1
938,739,137.7
938,733,149.0
18,540,37.7
18,184,56.3
18,417,103.0
18,660,111.9
18,435,170.9
41,807,78.1
41,606,103.3
41,160,155.4
41,816,176.6
41,236,199.7
68,986,120.5
68,444,143.7
68,435,230.5
68,851,284.3
68,942,307.4
80,807,143.1
80,606,143.3
80,236,180.4
80,160,184.1
80,41,210.6
130,744,41.9
130,153,185.8
130,816,230.1
130,485,241.9
130,929,272.2
153,816,82.4
153,744,145.7
153,130,185.8
153,41,256.4
153,160,269.2
160,236,48.0
160,606,69.0
160,807,100.2
160,41,155.4
160,485,159.3
184,18,56.3
184,660,72.4
184,540,90.7
184,417,109.1
184,435,226.7
236,160,48.0
236,606,103.1
236,807,135.5
236,485,139.6
236,929,143.9
250,942,44.0
250,851,53.8
250,130,299.0
250,68,326.2
250,744,333.6
281,80,233.7
281,807,289.6
281,41,299.3
281,606,314.1
281,160,379.6
417,540,95.7
417,18,103.0
417,184,109.1
417,803,157.7
417,660,181.1
435,444,87.9
435,540,143.9
435,803,157.3
435,18,170.9
435,986,208.6
444,435,87.9
444,986,133.1
444,68,143.7
444,540,185.8
444,18,197.9
485,929,35.6
485,614,93.0
485,236,139.6
485,160,159.3
485,606,228.3
540,18,37.7
540,184,90.7
540,417,95.7
540,435,143.9
540,660,149.5
606,807,32.5
606,160,69.0
606,236,103.1
606,41,103.3
606,80,143.3
614,929,59.4
614,485,93.0
614,236,145.6
614,160,186.4
614,606,248.7
660,184,72.4
660,18,111.9
660,540,149.5
660,417,181.1
660,986,218.6
744,130,41.9
744,153,145.7
744,816,188.3
744,485,229.7
744,929,262.6
803,540,152.4
803,435,157.3
803,417,157.7
803,18,189.1
803,184,233.6
807,606,32.5
807,41,78.1
807,160,100.2
807,236,135.5
807,80,143.1
816,153,82.4
816,41,176.6
816,744,188.3
816,160,195.6
816,606,208.3
851,942,23.5
851,250,53.8
851,68,284.3
851,986,300.0
851,130,352.7
929,485,35.6
929,614,59.4
929,236,143.9
929,160,172.9
929,606,240.9
942,851,23.5
942,250,44.0
942,68,307.4
942,986,319.6
942,130,339.2
986,68,120.5
986,444,133.1
986,435,208.6
986,660,218.6
986,18,220.6
21,532,355.8
21,471,370.3
21,323,449.5
21,867,479.9
21,729,775.9
323,867,38.6
323,471,112.2
323,21,449.5
323,532,791.1
323,729,899.9
471,323,112.2
471,867,150.8
471,21,370.3
471,532,723.0
471,729,924.8
532,21,355.8
532,729,720.4
532,471,723.0
532,323,791.1
532,867,816.8
729,532,720.4
729,21,775.9
729,867,894.5
729,323,899.9
729,471,924.8
867,323,38.6
867,471,150.8
867,21,479.9
867,532,816.8
867,729,894.5
22,490,21.6
22,985,61.6
490,22,21.6
490,985,43.4
985,490,43.4
985,22,61.6
24,283,116.6
24,122,204.6
24,266,229.3
24,954,245.1
24,336,268.0
122,266,27.7
122,740,181.7
122,24,204.6
122,689,205.7
122,954,259.3
157,260,96.8
157,949,120.2
157,468,202.6
157,336,239.3
157,954,250.6
260,949,24.0
260,157,96.8
260,468,205.7
260,336,292.3
260,954,294.4
266,122,27.7
266,740,189.1
266,689,222.6
266,24,229.3
266,336,282.3
283,24,116.6
283,122,309.8
283,266,331.4
283,954,344.6
283,336,370.9
336,954,30.3
336,689,82.1
336,468,140.8
336,740,163.2
336,157,239.3
446,266,687.9
446,122,715.5
446,740,769.1
446,689,846.6
446,24,901.6
468,954,123.9
468,336,140.8
468,157,202.6
468,260,205.7
468,949,207.2
689,740,81.3
689,336,82.1
689,954,102.5
689,122,205.7
689,266,222.6
740,689,81.3
740,336,163.2
740,122,181.7
740,954,183.3
740,266,189.1
949,260,24.0
949,157,120.2
949,468,207.2
949,954,303.7
949,336,303.8
954,336,30.3
954,689,102.5
954,468,123.9
954,740,183.3
954,24,245.1
26,668,39.2
26,732,67.6
26,440,69.5
26,386,107.8
26,764,113.4
57,280,13.6
57,846,26.8
57,865,50.0
57,732,87.4
57,386,120.3
111,908,14.1
111,262,49.7
111,707,70.1
111,495,81.0
111,884,104.9
262,111,49.7
262,495,49.9
262,884,57.1
262,908,63.5
262,707,100.2
280,57,13.6
280,846,35.5
280,865,62.7
280,732,88.8
280,386,109.3
386,764,45.6
386,668,88.9
386,732,103.7
386,26,107.8
386,280,109.3
440,26,69.5
440,732,70.1
440,908,108.1
440,668,108.7
440,111,109.3
495,884,45.3
495,262,49.9
495,793,59.5
495,111,81.0
495,707,94.2
668,26,39.2
668,764,80.9
668,386,88.9
668,732,93.4
668,440,108.7
707,908,69.4
707,111,70.1
707,793,81.5
707,495,94.2
707,262,100.2
732,846,64.9
732,26,67.6
732,440,70.1
732,865,80.2
732,57,87.4
764,386,45.6
764,668,80.9
764,26,113.4
764,732,133.8
764,280,154.6
793,495,59.5
793,935,76.7
793,707,81.5
793,884,100.1
793,262,103.2
846,57,26.8
846,865,32.9
846,280,35.5
846,732,64.9
846,386,120.9
858,386,45.6
858,668,80.9
858,26,113.4
858,732,133.8
858,280,154.6
865,846,32.9
865,57,50.0
865,280,62.7
865,732,80.2
865,440,125.3
884,495,45.3
884,262,57.1
884,793,100.1
884,111,104.9
884,908,119.1
908,111,14.1
908,262,63.5
908,707,69.4
908,495,94.2
908,440,108.1
935,793,76.7
935,495,116.9
935,884,138.9
935,707,155.8
935,262,166.7
27,212,12.8
27,67,55.5
27,589,82.0
27,127,96.8
27,805,118.3
67,127,41.7
67,589,50.9
67,27,55.5
67,212,66.0
67,805,69.5
86,685,15.9
86,709,128.7
86,99,179.6
86,659,1135.3
86,979,1147.1
98,516,5.9
98,334,23.1
98,694,24.3
98,186,24.6
98,493,25.5
99,685,170.4
99,86,179.6
99,709,288.5
99,659,955.7
99,979,967.6
121,746,10.7
121,561,23.4
121,333,37.5
121,944,53.6
121,334,57.0
127,805,37.9
127,67,41.7
127,589,53.2
127,27,96.8
127,600,103.4
186,314,6.0
186,723,14.7
186,694,15.4
186,516,19.8
186,98,24.6
212,27,12.8
212,67,66.0
212,589,86.0
212,127,106.6
212,805,125.3
314,186,6.0
314,723,10.8
314,694,18.6
314,516,25.8
314,493,27.9
315,465,75.4
315,600,97.1
315,939,97.6
315,746,105.4
315,561,112.2
333,944,17.5
333,334,19.7
333,561,23.2
333,493,24.7
333,121,37.5
334,944,6.1
334,493,11.9
334,333,19.7
334,98,23.1
334,516,26.4
465,315,75.4
465,561,80.2
465,723,80.9
465,746,88.9
465,493,90.1
493,334,11.9
493,944,17.8
493,333,24.7
493,186,24.9
493,723,25.4
516,98,5.9
516,694,18.4
516,186,19.8
516,314,25.8
516,493,26.2
561,746,20.9
561,333,23.2
561,121,23.4
561,944,40.5
561,334,41.8
589,805,46.1
589,67,50.9
589,127,53.2
589,27,82.0
589,212,86.0
600,939,3.8
600,315,97.1
600,127,103.4
600,67,123.3
600,805,131.0
659,979,11.9
659,99,955.7
659,212,969.5
659,852,973.9
659,27,980.8
685,86,15.9
685,709,144.4
685,99,170.4
685,659,1125.8
685,979,1137.6
694,186,15.4
694,811,18.1
694,516,18.4
694,314,18.6
694,98,24.3
709,86,128.7
709,685,144.4
709,99,288.5
709,659,1233.6
709,979,1245.4
723,314,10.8
723,186,14.7
723,493,25.4
723,694,29.3
723,516,33.0
746,121,10.7
746,561,20.9
746,333,40.6
746,944,57.8
746,334,60.3
786,811,42.2
786,694,54.3
786,516,64.7
786,98,68.1
786,186,69.5
805,127,37.9
805,589,46.1
805,67,69.5
805,746,100.1
805,121,102.0
811,694,18.1
811,186,30.5
811,314,30.8
811,516,35.9
811,723,41.0
852,27,223.3
852,212,227.9
852,67,246.8
852,600,252.8
852,939,253.3
939,600,3.8
939,315,97.6
939,127,107.1
939,67,127.0
939,805,134.5
944,334,6.1
944,333,17.5
944,493,17.8
944,98,26.2
944,516,30.3
979,659,11.9
979,99,967.6
979,212,968.6
979,852,970.3
979,27,979.8
39,370,111.5
39,613,120.7
39,245,529.2
245,613,439.0
245,39,529.2
245,370,634.9
370,39,111.5
370,613,203.5
370,245,634.9
613,39,120.7
613,370,203.5
613,245,439.0
42,138,48.1
42,656,128.5
42,526,182.1
42,289,321.5
42,604,345.4
138,42,48.1
138,656,81.7
138,526,145.9
138,604,300.6
138,289,350.6
289,42,321.5
289,138,350.6
289,656,391.1
289,526,496.4
289,577,622.9
526,656,131.6
526,138,145.9
526,604,177.8
526,42,182.1
526,577,296.8
577,604,179.5
577,656,277.0
577,526,296.8
577,138,357.3
577,42,405.1
604,526,177.8
604,577,179.5
604,656,243.0
604,138,300.6
604,42,345.4
656,138,81.7
656,42,128.5
656,526,131.6
656,604,243.0
656,577,277.0
44,180,115.5
44,359,405.3
44,376,829.3
44,181,1326.8
44,737,1502.0
56,134,206.7
56,528,208.2
56,931,219.4
56,235,439.2
56,584,460.7
58,960,5.3
58,120,13.8
58,974,38.0
58,657,47.6
58,189,62.4
84,104,90.9
84,145,112.2
84,747,122.5
84,582,181.7
84,394,255.3
104,747,80.6
104,84,90.9
104,145,164.1
104,394,192.9
104,582,252.0
108,974,75.4
108,214,93.4
108,120,106.4
108,960,108.4
108,58,113.4
110,925,268.9
110,737,297.6
110,180,1631.3
110,44,1735.1
110,359,1952.2
120,960,13.7
120,58,13.8
120,974,33.3
120,657,40.3
120,189,57.4
134,528,3.3
134,931,13.2
134,56,206.7
134,235,277.8
134,584,352.5
145,582,93.0
145,84,112.2
145,104,164.1
145,747,225.9
145,394,353.9
154,543,227.5
154,218,309.0
154,911,358.0
154,238,363.4
154,962,374.0
175,590,449.4
175,768,504.8
175,933,550.2
175,543,677.2
175,218,770.1
180,44,115.5
180,359,501.6
180,376,942.2
180,737,1393.0
180,181,1432.3
181,318,375.1
181,770,377.6
181,376,542.5
181,626,652.3
181,921,664.7
189,657,19.0
189,120,57.4
189,835,58.3
189,58,62.4
189,960,66.6
195,108,129.3
195,321,156.4
195,464,159.2
195,974,171.1
195,214,181.6
214,108,93.4
214,321,137.3
214,974,159.3
214,195,181.6
214,960,190.7
217,255,120.2
217,998,579.7
217,343,689.1
217,931,776.7
217,134,789.4
218,543,167.2
218,804,290.7
218,154,309.0
218,962,513.8
218,529,549.6
235,584,137.7
235,998,244.5
235,835,248.5
235,931,272.8
235,528,274.7
238,610,19.7
238,962,186.3
238,911,219.7
238,154,363.4
238,433,400.8
255,891,120.2
255,998,682.3
255,343,803.3
255,931,837.3
255,134,849.4
318,770,15.3
318,181,375.1
318,921,389.5
318,898,459.7
318,626,503.2
321,464,134.5
321,214,137.3
321,195,156.4
321,108,178.0
321,974,252.6
343,998,195.7
343,835,285.9
343,58,308.9
343,960,311.6
343,120,322.0
347,766,113.4
347,921,123.0
347,594,216.5
347,626,244.0
347,898,347.8
359,44,405.3
359,180,501.6
359,376,653.9
359,181,1196.3
359,770,1516.3
376,181,542.5
376,359,653.9
376,44,829.3
376,770,876.9
376,318,880.0
394,747,133.0
394,104,192.9
394,84,255.3
394,145,353.9
394,582,435.7
433,321,311.3
433,936,367.9
433,464,371.8
433,610,381.6
433,214,384.3
437,999,118.3
437,492,249.8
437,582,341.9
437,145,422.1
437,84,523.4
464,321,134.5
464,195,159.2
464,214,257.0
464,108,258.4
464,529,309.5
478,594,143.7
478,766,344.4
478,347,360.1
478,921,479.4
478,898,527.7
492,999,153.4
492,437,249.8
492,582,427.7
492,936,502.2
492,145,520.7
528,134,3.3
528,931,13.0
528,56,208.2
528,235,274.7
528,584,349.3
529,804,273.5
529,464,309.5
529,195,385.5
529,962,434.1
529,321,442.5
543,218,167.2
543,154,227.5
543,804,414.8
543,768,426.7
543,962,546.8
555,584,457.8
555,529,470.6
555,56,484.7
555,235,565.2
555,528,571.1
582,145,93.0
582,84,181.7
582,104,252.0
582,747,303.8
582,999,310.3
584,235,137.7
584,835,200.6
584,189,238.3
584,657,256.9
584,120,295.1
590,175,449.4
590,933,523.5
590,757,626.2
590,218,719.5
590,543,726.9
594,478,143.7
594,766,214.6
594,347,216.5
594,921,336.7
594,626,412.7
610,238,19.7
610,962,185.7
610,911,231.7
610,433,381.6
610,154,382.3
626,921,228.7
626,347,244.0
626,766,352.1
626,594,412.7
626,318,503.2
657,189,19.0
657,120,40.3
657,58,47.6
657,960,51.1
657,974,70.5
737,925,125.3
737,110,297.6
737,180,1393.0
737,44,1502.0
737,359,1758.8
747,104,80.6
747,84,122.5
747,394,133.0
747,145,225.9
747,582,303.8
757,218,588.3
757,590,626.2
757,804,656.4
757,555,704.2
757,529,711.6
766,347,113.4
766,921,168.4
766,594,214.6
766,898,247.9
766,478,344.4
768,543,426.7
768,154,489.7
768,175,504.8
768,218,590.5
768,911,679.7
770,318,15.3
770,181,377.6
770,921,401.6
770,898,462.0
770,626,518.2
804,529,273.5
804,218,290.7
804,962,324.0
804,154,392.4
804,543,414.8
835,189,58.3
835,657,75.0
835,58,101.4
835,120,103.4
835,960,106.7
891,255,120.2
891,998,579.7
891,343,689.1
891,931,776.7
891,134,789.4
898,766,247.9
898,921,321.0
898,347,347.8
898,594,432.4
898,318,459.7
909,84,369.5
909,747,378.0
909,104,428.9
909,394,437.8
909,582,444.4
911,238,219.7
911,610,231.7
911,154,358.0
911,962,391.8
911,543,581.5
921,347,123.0
921,766,168.4
921,626,228.7
921,898,321.0
921,594,336.7
925,737,125.3
925,110,268.9
925,180,1508.0
925,44,1618.2
925,359,1881.7
931,528,13.0
931,134,13.2
931,56,219.4
931,235,272.8
931,584,352.2
933,590,523.5
933,175,550.2
933,626,794.1
933,594,924.7
933,347,938.5
936,214,321.5
936,433,367.9
936,321,392.0
936,108,405.0
936,974,445.1
960,58,5.3
960,120,13.7
960,974,33.0
960,657,51.1
960,189,66.6
962,610,185.7
962,238,186.3
962,804,324.0
962,154,374.0
962,433,388.3
974,960,33.0
974,120,33.3
974,58,38.0
974,657,70.5
974,108,75.4
998,343,195.7
998,235,244.5
998,835,362.6
998,584,368.9
998,931,389.3
999,437,118.3
999,492,153.4
999,582,310.3
999,145,401.2
999,84,487.3
46,725,79.4
46,711,80.6
46,619,96.8
46,971,111.8
46,501,118.7
63,892,189.3
63,812,348.2
63,409,387.5
63,117,478.8
63,568,546.5
81,892,602.2
81,63,749.7
81,812,995.9
81,117,1061.9
81,409,1099.4
117,254,97.2
117,568,101.6
117,812,143.1
117,581,204.2
117,409,245.8
254,568,82.5
254,117,97.2
254,581,130.7
254,812,235.3
254,46,255.4
364,700,39.7
364,501,248.0
364,971,249.7
364,945,267.9
364,711,272.1
409,812,148.5
409,568,238.3
409,117,245.8
409,254,309.4
409,581,324.5
501,711,38.7
501,619,41.7
501,725,54.9
501,945,67.7
501,46,118.7
568,254,82.5
568,117,101.6
568,581,112.1
568,812,198.3
568,409,238.3
581,568,112.1
581,254,130.7
581,46,165.4
581,971,194.0
581,117,204.2
619,725,18.3
619,711,38.5
619,501,41.7
619,945,71.8
619,46,96.8
700,364,39.7
700,501,240.7
700,945,250.7
700,971,261.3
700,711,269.2
711,725,36.8
711,619,38.5
711,501,38.7
711,46,80.6
711,971,98.1
725,619,18.3
725,711,36.8
725,501,54.9
725,46,79.4
725,945,89.6
812,117,143.1
812,409,148.5
812,568,198.3
812,254,235.3
812,581,309.5
892,63,189.3
892,812,402.8
892,117,496.0
892,409,497.3
892,568,586.0
945,501,67.7
945,619,71.8
945,725,89.6
945,711,99.0
945,46,168.6
971,711,98.1
971,46,111.8
971,501,119.5
971,725,131.6
971,619,136.6
47,869,22.9
47,958,337.3
47,294,976.8
294,869,972.5
294,47,976.8
294,958,1031.4
869,47,22.9
869,958,359.8
869,294,972.5
958,47,337.3
958,869,359.8
958,294,1031.4
48,783,227.4
48,150,231.0
48,479,323.8
150,783,10.1
150,479,123.2
150,48,231.0
479,150,123.2
479,783,132.9
479,48,323.8
783,150,10.1
783,479,132.9
783,48,227.4
51,453,86.6
51,554,165.1
51,988,250.5
51,833,265.7
51,174,291.7
174,275,124.6
174,453,252.2
174,232,256.3
174,541,264.6
174,692,267.5
206,672,143.3
206,363,145.2
206,541,147.3
206,692,160.4
206,806,167.2
220,988,176.9
220,554,295.7
220,275,362.5
220,174,380.3
220,676,404.1
232,692,16.5
232,541,26.2
232,672,35.2
232,206,172.1
232,363,194.5
275,174,124.6
275,676,326.3
275,220,362.5
275,232,365.1
275,206,366.9
363,806,42.6
363,730,95.5
363,206,145.2
363,672,160.7
363,541,172.1
453,51,86.6
453,232,225.8
453,833,226.6
453,692,241.8
453,554,246.4
463,676,230.1
463,220,542.6
463,275,555.4
463,174,672.2
463,988,706.3
541,672,11.8
541,692,13.3
541,232,26.2
541,206,147.3
541,363,172.1
554,988,118.8
554,51,165.1
554,453,246.4
554,220,295.7
554,174,359.2
672,541,11.8
672,692,19.3
672,232,35.2
672,206,143.3
672,363,160.7
676,463,230.1
676,275,326.3
676,220,404.1
676,174,445.5
676,988,538.3
692,541,13.3
692,232,16.5
692,672,19.3
692,206,160.4
692,363,178.1
730,363,95.5
730,806,102.3
730,672,205.4
730,541,216.9
730,692,217.2
806,363,42.6
806,730,102.3
806,206,167.2
806,672,202.8
806,541,214.0
833,453,226.6
833,51,265.7
833,232,289.1
833,692,296.7
833,541,309.9
988,554,118.8
988,220,176.9
988,51,250.5
988,453,314.8
988,174,337.4
53,162,40.2
53,357,69.4
53,498,90.8
53,996,122.3
53,760,124.7
162,53,40.2
162,498,71.3
162,357,79.8
162,996,111.7
162,270,124.2
270,996,15.0
270,498,57.7
270,357,69.5
270,162,124.2
270,515,126.5
357,498,58.7
357,996,65.4
357,53,69.4
357,270,69.5
357,162,79.8
498,996,43.3
498,270,57.7
498,357,58.7
498,162,71.3
498,53,90.8
515,760,58.6
515,357,107.5
515,270,126.5
515,996,135.9
515,498,157.6
760,515,58.6
760,357,96.6
760,53,124.7
760,270,145.4
760,996,149.4
996,270,15.0
996,498,43.3
996,357,65.4
996,162,111.7
996,53,122.3
59,392,20.7
59,854,59.0
59,508,118.2
59,132,168.9
59,97,196.3
97,132,48.2
97,508,103.9
97,854,175.2
97,392,175.8
97,59,196.3
107,567,129.8
107,932,143.2
107,199,166.4
107,288,169.4
107,982,185.8
132,97,48.2
132,508,60.6
132,854,137.0
132,392,148.3
132,59,168.9
152,567,128.5
152,365,139.9
152,199,145.9
152,982,189.8
152,288,224.0
199,982,51.1
199,365,71.6
199,288,78.8
199,567,82.3
199,932,89.0
261,842,120.6
261,638,148.1
261,567,220.4
261,624,226.9
261,107,245.8
288,932,29.8
288,982,39.6
288,199,78.8
288,365,114.8
288,567,145.1
365,199,71.6
365,982,75.3
365,288,114.8
365,932,138.4
365,152,139.9
392,59,20.7
392,854,49.2
392,508,98.7
392,132,148.3
392,97,175.8
508,132,60.6
508,854,77.5
508,392,98.7
508,97,103.9
508,59,118.2
567,199,82.3
567,152,128.5
567,107,129.8
567,982,130.2
567,932,139.7
624,638,80.2
624,97,218.0
624,261,226.9
624,132,265.7
624,842,296.0
638,624,80.2
638,261,148.1
638,842,218.9
638,97,256.2
638,132,303.9
698,638,80.2
698,97,218.0
698,261,226.9
698,132,265.7
698,842,296.0
842,261,120.6
842,638,218.9
842,107,255.8
842,567,288.8
842,624,296.0
854,392,49.2
854,59,59.0
854,508,77.5
854,132,137.0
854,97,175.2
932,288,29.8
932,982,64.1
932,199,89.0
932,365,138.4
932,567,139.7
940,932,208.1
940,288,226.4
940,107,244.7
940,982,266.0
940,199,296.8
982,288,39.6
982,199,51.1
982,932,64.1
982,365,75.3
982,567,130.2
66,354,39.0
66,742,75.8
66,112,127.8
66,286,205.5
112,742,72.6
112,354,97.6
112,66,127.8
112,286,162.4
286,742,138.4
286,112,162.4
286,354,169.1
286,66,205.5
354,742,37.0
354,66,39.0
354,112,97.6
354,286,169.1
742,354,37.0
742,112,72.6
742,66,75.8
742,286,138.4
69,790,43.7
69,183,53.1
69,488,122.5
69,734,165.1
69,868,216.9
183,790,10.1
183,69,53.1
183,488,70.0
183,734,138.7
183,868,165.7
488,183,70.0
488,790,78.9
488,868,109.6
488,734,117.7
488,69,122.5
571,853,9.2
571,868,63.7
571,488,170.1
571,183,218.1
571,790,228.0
734,776,83.6
734,488,117.7
734,183,138.7
734,790,139.3
734,69,165.1
776,734,83.6
776,488,201.3
776,790,213.1
776,183,214.6
776,69,229.1
790,183,10.1
790,69,43.7
790,488,78.9
790,734,139.3
790,868,175.8
853,571,9.2
853,868,61.0
853,488,165.0
853,183,211.0
853,790,220.9
868,853,61.0
868,571,63.7
868,488,109.6
868,183,165.7
868,790,175.8
77,533,130.9
533,77,130.9
85,965,264.4
85,635,269.4
85,887,329.1
85,442,329.2
85,821,337.9
91,205,83.0
91,442,123.6
91,965,144.5
91,821,154.3
91,887,155.0
205,442,43.6
205,821,71.6
205,887,73.2
205,91,83.0
205,965,91.7
442,887,31.9
442,821,33.6
442,205,43.6
442,965,66.2
442,91,123.6
560,91,194.5
560,205,238.4
560,442,279.1
560,821,295.6
560,887,301.2
635,85,269.4
635,965,297.5
635,887,301.7
635,821,307.3
635,442,326.0
821,887,8.8
821,442,33.6
821,205,71.6
821,965,85.0
821,91,154.3
887,821,8.8
887,442,31.9
887,205,73.2
887,965,77.2
887,91,155.0
965,442,66.2
965,887,77.2
965,821,85.0
965,205,91.7
965,91,144.5
87,172,355.4
87,963,369.3
87,412,529.0
87,946,688.5
87,690,739.5
172,87,355.4
172,946,358.1
172,274,584.6
172,963,660.4
172,412,720.9
274,946,233.9
274,172,584.6
274,585,668.1
274,87,922.1
274,961,923.7
412,690,220.5
412,963,242.1
412,961,411.7
412,87,529.0
412,415,614.4
415,961,228.9
415,690,445.9
415,585,545.8
415,412,614.4
415,963,850.0
585,415,545.8
585,961,598.0
585,274,668.1
585,946,703.2
585,690,898.1
690,412,220.5
690,961,300.2
690,415,445.9
690,963,457.4
690,87,739.5
946,274,233.9
946,172,358.1
946,87,688.5
946,585,703.2
946,961,788.3
961,415,228.9
961,690,300.2
961,412,411.7
961,585,598.0
961,963,635.9
963,412,242.1
963,87,369.3
963,690,457.4
963,961,635.9
963,172,660.4
89,861,159.5
89,291,407.4
291,89,407.4
291,861,558.0
861,89,159.5
861,291,558.0
102,616,145.8
102,193,255.4
193,616,157.8
193,102,255.4
616,102,145.8
616,193,157.8
106,278,4.6
278,106,4.6
119,900,50.7
119,801,307.9
119,252,760.1
119,483,816.3
119,428,1003.8
224,499,200.9
224,405,336.7
224,855,539.5
224,587,607.3
224,902,678.4
252,483,370.6
252,801,452.7
252,428,511.0
252,900,723.4
252,119,760.1
388,443,31.8
388,902,507.1
388,855,640.6
388,587,760.5
388,405,984.5
405,587,289.8
405,224,336.7
405,855,411.5
405,902,487.3
405,499,537.2
428,483,193.1
428,738,462.7
428,252,511.0
428,801,743.2
428,900,989.5
443,388,31.8
443,902,538.5
443,855,672.4
443,587,788.3
443,405,1014.9
483,428,193.1
483,252,370.6
483,801,550.3
483,738,643.0
483,900,799.8
499,224,200.9
499,405,537.2
499,855,695.1
499,587,806.3
499,902,844.9
587,405,289.8
587,902,334.0
587,855,364.8
587,224,607.3
587,388,760.5
738,428,462.7
738,483,643.0
738,252,969.7
738,801,1175.7
738,900,1395.3
801,900,274.5
801,119,307.9
801,252,452.7
801,483,550.3
801,428,743.2
855,902,157.5
855,587,364.8
855,405,411.5
855,224,539.5
855,388,640.6
900,119,50.7
900,801,274.5
900,252,723.4
900,483,799.8
900,428,989.5
902,855,157.5
902,587,334.0
902,405,487.3
902,388,507.1
902,443,538.5
137,643,50.3
137,959,57.0
137,978,69.2
137,819,124.9
643,959,43.7
643,137,50.3
643,819,77.7
643,978,80.2
819,643,77.7
819,959,111.7
819,137,124.9
819,978,151.4
959,978,39.7
959,643,43.7
959,137,57.0
959,819,111.7
978,959,39.7
978,137,69.2
978,643,80.2
978,819,151.4
139,997,1646.7
139,888,2002.5
139,875,2156.2
139,736,2626.9
139,192,2763.5
192,893,81.6
192,849,165.7
192,756,240.6
192,736,426.0
192,517,453.4
517,817,354.0
517,756,359.2
517,893,379.7
517,192,453.4
517,647,517.0
647,517,517.0
647,817,686.5
647,756,772.1
647,893,882.4
647,736,908.7
736,756,262.0
736,192,426.0
736,893,458.7
736,875,470.7
736,849,588.5
756,893,233.3
756,192,240.6
756,736,262.0
756,517,359.2
756,849,400.1
817,517,354.0
817,893,555.1
817,849,612.9
817,192,635.3
817,756,658.9
849,192,165.7
849,893,177.7
849,756,400.1
849,517,527.9
849,736,588.5
875,888,399.5
875,736,470.7
875,756,680.6
875,997,692.6
875,192,707.1
888,875,399.5
888,736,747.2
888,192,763.8
888,849,795.9
888,893,845.4
893,192,81.6
893,849,177.7
893,756,233.3
893,517,379.7
893,736,458.7
997,875,692.6
997,888,850.1
997,736,1105.7
997,756,1350.3
997,192,1399.6
182,896,153.2
182,400,220.9
182,771,270.0
182,864,423.6
182,313,704.7
207,313,53.9
207,831,207.1
207,182,713.7
207,896,729.5
207,400,924.5
313,207,53.9
313,831,242.7
313,182,704.7
313,896,731.8
313,400,919.4
400,771,87.0
400,864,210.3
400,182,220.9
400,896,222.2
400,313,919.4
771,400,87.0
771,864,222.1
771,182,270.0
771,896,303.7
771,313,974.6
831,207,207.1
831,313,242.7
831,896,904.5
831,182,906.5
831,400,1110.2
864,400,210.3
864,771,222.1
864,896,370.8
864,182,423.6
864,207,1100.0
896,182,153.2
896,400,222.2
896,771,303.7
896,864,370.8
896,207,729.5
185,765,819.2
185,504,1125.8
185,837,1595.0
504,765,451.8
504,837,496.7
504,185,1125.8
765,504,451.8
765,837,816.9
765,185,819.2
837,504,496.7
837,765,816.9
837,185,1595.0
187,353,175.7
187,564,414.8
187,320,493.1
187,717,737.6
187,677,752.4
320,677,274.7
320,353,420.3
320,187,493.1
320,717,536.7
320,564,556.7
353,187,175.7
353,320,420.3
353,564,546.3
353,717,564.8
353,677,694.6
564,187,414.8
564,353,546.3
564,320,556.7
564,832,577.8
564,677,699.4
677,320,274.7
677,832,652.6
677,717,690.3
677,353,694.6
677,564,699.4
717,320,536.7
717,353,564.8
717,677,690.3
717,187,737.6
717,564,1019.1
832,564,577.8
832,677,652.6
832,320,746.7
832,187,938.0
832,353,1006.8
194,953,346.8
194,366,409.8
194,743,439.0
194,509,550.9
366,194,409.8
366,509,413.4
366,953,507.4
366,743,775.1
509,366,413.4
509,194,550.9
509,743,664.5
509,953,824.5
743,194,439.0
743,509,664.5
743,953,748.5
743,366,775.1
953,194,346.8
953,366,507.4
953,743,748.5
953,509,824.5
196,221,9.8
196,644,70.6
221,196,9.8
221,644,62.1
644,221,62.1
644,196,70.6
200,277,159.2
277,200,159.2
202,721,193.9
202,658,379.4
658,721,185.6
658,202,379.4
721,658,185.6
721,202,193.9
203,683,167.1
203,309,416.2
203,335,468.4
203,873,555.2
203,527,832.1
309,335,55.6
309,873,139.2
309,203,416.2
309,527,484.8
309,683,534.1
335,309,55.6
335,873,91.5
335,527,465.4
335,203,468.4
335,683,580.1
360,943,243.9
360,527,334.2
360,546,387.8
360,367,405.9
360,873,555.6
367,546,26.5
367,943,165.9
367,527,206.4
367,360,405.9
367,873,595.2
527,943,149.1
527,367,206.4
527,546,212.9
527,360,334.2
527,873,392.7
546,367,26.5
546,943,152.3
546,527,212.9
546,360,387.8
546,873,604.6
683,203,167.1
683,309,534.1
683,335,580.1
683,873,671.1
683,527,982.4
873,335,91.5
873,309,139.2
873,527,392.7
873,943,517.2
873,203,555.2
943,527,149.1
943,546,152.3
943,367,165.9
943,360,243.9
943,873,517.2
204,346,76.2
204,910,149.7
346,204,76.2
346,910,221.0
910,204,149.7
910,346,221.0
223,828,5.3
828,223,5.3
226,290,296.4
290,226,296.4
249,654,678.4
249,989,805.3
654,249,678.4
654,989,937.2
759,249,805.3
759,654,937.2
989,249,805.3
989,654,937.2
257,424,44.4
257,513,69.3
424,257,44.4
424,513,92.1
513,257,69.3
513,424,92.1
258,489,399.4
258,686,1506.6
258,621,1509.2
489,258,399.4
489,621,1160.3
489,686,1868.7
621,489,1160.3
621,258,1509.2
621,686,3014.9
686,258,1506.6
686,489,1868.7
686,621,3014.9
263,497,71.3
497,263,71.3
267,580,152.7
267,588,267.9
580,267,152.7
580,588,273.7
588,267,267.9
588,580,273.7
276,331,5.9
331,276,5.9
279,375,38.4
375,279,38.4
287,634,175.1
634,287,175.1
292,980,133.0
292,964,183.8
292,341,301.4
341,980,279.2
341,292,301.4
341,964,399.7
964,980,120.6
964,292,183.8
964,341,399.7
980,964,120.6
980,292,133.0
980,341,279.2
312,598,148.8
514,312,148.8
598,312,148.8
350,871,1334.3
871,350,1334.3
362,627,119.7
362,728,328.0
627,362,119.7
627,728,432.8
728,362,328.0
728,627,432.8
379,710,219.7
710,379,219.7
381,731,91.2
731,381,91.2
389,474,120.8
389,531,273.2
389,625,308.4
389,511,310.4
389,820,315.2
474,389,120.8
474,625,187.6
474,531,352.8
474,511,375.5
474,820,398.9
511,531,57.1
511,820,69.3
511,389,310.4
511,474,375.5
511,625,519.8
531,820,47.1
531,511,57.1
531,389,273.2
531,474,352.8
531,625,511.0
625,474,187.6
625,389,308.4
625,531,511.0
625,511,519.8
625,820,558.1
664,625,774.5
664,474,956.0
664,389,1074.5
664,511,1182.7
664,531,1201.3
820,531,47.1
820,511,69.3
820,389,315.2
820,474,398.9
820,625,558.1
395,397,108.7
395,905,119.6
395,767,258.1
395,653,263.7
395,749,301.1
397,905,11.3
397,395,108.7
397,767,165.3
397,749,199.6
397,653,229.6
653,767,159.8
653,749,211.1
653,905,225.6
653,397,229.6
653,395,263.7
749,767,56.8
749,905,188.4
749,397,199.6
749,653,211.1
749,395,301.1
767,749,56.8
767,905,155.0
767,653,159.8
767,397,165.3
767,395,258.1
905,397,11.3
905,395,119.6
905,767,155.0
905,749,188.4
905,653,225.6
402,799,563.5
402,862,918.0
799,862,417.9
799,402,563.5
862,799,417.9
862,402,918.0
403,421,36.4
403,745,137.9
421,403,36.4
421,745,109.2
745,421,109.2
745,403,137.9
419,636,64.6
419,809,540.9
636,419,64.6
636,809,551.6
809,419,540.9
809,636,551.6
420,775,165.7
420,741,293.5
420,941,596.2
741,775,127.7
741,420,293.5
741,941,329.9
775,741,127.7
775,420,165.7
775,941,442.0
941,741,329.9
941,775,442.0
941,420,596.2
429,856,304.7
682,429,304.7
856,429,304.7
447,947,176.4
447,859,357.6
859,947,330.0
859,447,357.6
947,447,176.4
947,859,330.0
469,754,159.5
469,800,242.5
754,469,159.5
754,800,388.3
800,469,242.5
800,754,388.3
503,615,34.3
615,503,34.3
506,813,263.5
813,506,263.5
534,688,252.3
688,534,252.3
605,702,80.4
702,605,80.4
651,792,65.4
651,679,716.3
679,792,675.0
679,651,716.3
792,651,65.4
792,679,675.0
655,715,79.1
715,655,79.1
670,798,463.8
798,670,463.8
753,848,95.8
848,753,95.8
769,789,67.5
789,769,67.5
780,881,63.1
881,780,63.1
782,992,336.2
992,782,336.2
838,894,800.3
894,838,800.3
924,994,878.9
994,924,878.9

